{
    "eval_type": "synthetic",
    "dataset": "data/adult/",
    "sim_score": {
        "score": 0.5123828832377046,
        "basic_score": 0.4936781598973886,
        "corr_score": 0.5143925290668757,
        "ml_score": 0.8683475579293147,
        "sup_score": 0.6854961692949438,
        "pmse_score": 4.597481549749781e-207
    }
}
