{
    "steps": 0.3586059322674073,
    "n_layers": 0.35664487780055826,
    "lr": 0.14536604001940343,
    "batch_size": 0.06712275810705821,
    "d_first": 0.024845543844328192,
    "d_last": 0.022326792200811525,
    "num_samples": 0.019010238808119778,
    "num_timesteps": 0.006077816952313426
}
