{
    "eval_type": "synthetic",
    "dataset": "data/adult/",
    "metrics": {
        "train": {
            "0": {
                "precision": 0.7603603603603604,
                "recall": 0.9998683690930631,
                "f1-score": 0.8638198669471768,
                "support": 7597
            },
            "1": {
                "precision": 0.9,
                "recall": 0.003745318352059925,
                "f1-score": 0.007459593866556154,
                "support": 2403
            },
            "accuracy": 0.7605,
            "macro avg": {
                "precision": 0.8301801801801802,
                "recall": 0.5018068437225615,
                "f1-score": 0.4356397304068665,
                "support": 10000
            },
            "weighted avg": {
                "precision": 0.7939157657657657,
                "recall": 0.7605,
                "f1-score": 0.6580364933259036,
                "support": 10000
            },
            "roc_auc": 0.5879083564043477,
            "score": 0.7605
        },
        "val": {
            "0": {
                "precision": 0.7733356211393274,
                "recall": 0.9114256825075834,
                "f1-score": 0.8367214332126613,
                "support": 4945
            },
            "1": {
                "precision": 0.3605839416058394,
                "recall": 0.15752551020408162,
                "f1-score": 0.21926320461606746,
                "support": 1568
            },
            "accuracy": 0.7299247658529096,
            "macro avg": {
                "precision": 0.5669597813725834,
                "recall": 0.5344755963558325,
                "f1-score": 0.5279923189143644,
                "support": 6513
            },
            "weighted avg": {
                "precision": 0.6739659553158193,
                "recall": 0.7299247658529096,
                "f1-score": 0.6880688149968684,
                "support": 6513
            },
            "roc_auc": 0.6608920704277667,
            "score": 0.7299247658529096
        },
        "test": {
            "0": {
                "precision": 0.7749287749287749,
                "recall": 0.9186972255729795,
                "f1-score": 0.8407108952423006,
                "support": 12435
            },
            "1": {
                "precision": 0.34307992202729043,
                "recall": 0.1372854914196568,
                "f1-score": 0.19610027855153203,
                "support": 3846
            },
            "accuracy": 0.7341072415699281,
            "macro avg": {
                "precision": 0.5590043484780327,
                "recall": 0.5279913584963182,
                "f1-score": 0.5184055868969163,
                "support": 16281
            },
            "weighted avg": {
                "precision": 0.6729147286012085,
                "recall": 0.7341072415699281,
                "f1-score": 0.6884369297737977,
                "support": 16281
            },
            "roc_auc": 0.6543551794343587,
            "score": 0.7341072415699281
        }
    }
}
