{
    "eval_type": "synthetic",
    "dataset": "data/adult/",
    "metrics": {
        "train": {
            "0": {
                "precision": 0.7564398115666032,
                "recall": 0.9993379237288136,
                "f1-score": 0.8610873409778084,
                "support": 7552
            },
            "1": {
                "precision": 0.782608695652174,
                "recall": 0.007352941176470588,
                "f1-score": 0.014569000404694455,
                "support": 2448
            },
            "accuracy": 0.7565,
            "macro avg": {
                "precision": 0.7695242536093886,
                "recall": 0.5033454324526421,
                "f1-score": 0.4378281706912514,
                "support": 10000
            },
            "weighted avg": {
                "precision": 0.7628459543907509,
                "recall": 0.7565,
                "f1-score": 0.65385965120551,
                "support": 10000
            },
            "roc_auc": 0.5929449065996455,
            "score": 0.7565
        },
        "val": {
            "0": {
                "precision": 0.8400080499094386,
                "recall": 0.8440849342770476,
                "f1-score": 0.8420415573935848,
                "support": 4945
            },
            "1": {
                "precision": 0.5006476683937824,
                "recall": 0.492984693877551,
                "f1-score": 0.4967866323907455,
                "support": 1568
            },
            "accuracy": 0.7595578074619991,
            "macro avg": {
                "precision": 0.6703278591516104,
                "recall": 0.6685348140772993,
                "f1-score": 0.6694140948921652,
                "support": 6513
            },
            "weighted avg": {
                "precision": 0.758307285558671,
                "recall": 0.7595578074619991,
                "f1-score": 0.758921685997231,
                "support": 6513
            },
            "roc_auc": 0.7556781484079982,
            "score": 0.7595578074619991
        },
        "test": {
            "0": {
                "precision": 0.8415187455225662,
                "recall": 0.8501809408926417,
                "f1-score": 0.845827666213297,
                "support": 12435
            },
            "1": {
                "precision": 0.4989241527703066,
                "recall": 0.4823192927717109,
                "f1-score": 0.49048122686409307,
                "support": 3846
            },
            "accuracy": 0.7632823536637798,
            "macro avg": {
                "precision": 0.6702214491464364,
                "recall": 0.6662501168321763,
                "f1-score": 0.668154446538695,
                "support": 16281
            },
            "weighted avg": {
                "precision": 0.7605889006896205,
                "recall": 0.7632823536637798,
                "f1-score": 0.761885500146284,
                "support": 16281
            },
            "roc_auc": 0.7585393186535665,
            "score": 0.7632823536637798
        }
    }
}
