{
    "eval_type": "synthetic",
    "dataset": "data/adult/",
    "sim_score": {
        "score": 0.5147755415355991,
        "basic_score": 0.5185279189016683,
        "corr_score": 0.5294621658921275,
        "ml_score": 0.8612745553132319,
        "sup_score": 0.6646130675709679,
        "pmse_score": 6.822337609546553e-134
    }
}
