{
    "eval_type": "synthetic",
    "dataset": "data/adult/",
    "sim_score": {
        "score": 0.51811929193134,
        "basic_score": 0.5162517443277266,
        "corr_score": 0.531446775338581,
        "ml_score": 0.8691536184043982,
        "sup_score": 0.6737443215859942,
        "pmse_score": 1.124030357230754e-133
    }
}
