{
    "eval_type": "synthetic",
    "dataset": "data/adult/",
    "metrics": {
        "train": {
            "0": {
                "precision": 0.9154634146341464,
                "recall": 0.9490265486725664,
                "f1-score": 0.9319428926132837,
                "support": 19775
            },
            "1": {
                "precision": 0.8183129055515501,
                "recall": 0.7237366491311972,
                "f1-score": 0.768124524151933,
                "support": 6273
            },
            "accuracy": 0.8947711916461917,
            "macro avg": {
                "precision": 0.8668881600928482,
                "recall": 0.8363815989018818,
                "f1-score": 0.8500337083826084,
                "support": 26048
            },
            "weighted avg": {
                "precision": 0.892067179089186,
                "recall": 0.8947711916461917,
                "f1-score": 0.8924913944038989,
                "support": 26048
            },
            "roc_auc": 0.9534244428039582,
            "score": 0.8947711916461917
        },
        "val": {
            "0": {
                "precision": 0.8858290304073436,
                "recall": 0.9367037411526795,
                "f1-score": 0.9105563200314527,
                "support": 4945
            },
            "1": {
                "precision": 0.7562305295950156,
                "recall": 0.6192602040816326,
                "f1-score": 0.6809256661991585,
                "support": 1568
            },
            "accuracy": 0.8602794411177644,
            "macro avg": {
                "precision": 0.8210297800011797,
                "recall": 0.7779819726171561,
                "f1-score": 0.7957409931153057,
                "support": 6513
            },
            "weighted avg": {
                "precision": 0.8546282858543373,
                "recall": 0.8602794411177644,
                "f1-score": 0.8552729075934001,
                "support": 6513
            },
            "roc_auc": 0.9092526077670704,
            "score": 0.8602794411177644
        },
        "test": {
            "0": {
                "precision": 0.8848696709476404,
                "recall": 0.936389223964616,
                "f1-score": 0.9099007579901539,
                "support": 12435
            },
            "1": {
                "precision": 0.7466367713004485,
                "recall": 0.6060842433697348,
                "f1-score": 0.6690585533869117,
                "support": 3846
            },
            "accuracy": 0.8583625084454272,
            "macro avg": {
                "precision": 0.8157532211240444,
                "recall": 0.7712367336671754,
                "f1-score": 0.7894796556885328,
                "support": 16281
            },
            "weighted avg": {
                "precision": 0.8522154278395327,
                "recall": 0.8583625084454272,
                "f1-score": 0.853007500886532,
                "support": 16281
            },
            "roc_auc": 0.9090801967422486,
            "score": 0.8583625084454272
        }
    }
}
