{
    "score-mean": 0.516505401905943,
    "score-std": 0.00137017549452495,
    "score-count": 2,
    "basic_score-mean": 0.5715117160660457,
    "basic_score-std": 1.805322874925963e-05,
    "basic_score-count": 2,
    "corr_score-mean": 0.2646090771216335,
    "corr_score-std": 0.00901640440984297,
    "corr_score-count": 2,
    "ml_score-mean": 0.8369487787485246,
    "ml_score-std": 0.0015616008050907126,
    "ml_score-count": 2,
    "sup_score-mean": 0.9094574375935113,
    "sup_score-std": 0.0005858729033783039,
    "sup_score-count": 2,
    "pmse_score-mean": 0.0,
    "pmse_score-std": 0.0,
    "pmse_score-count": 2
}
