{
    "eval_type": "synthetic",
    "dataset": "data/adult/",
    "sim_score": {
        "score": 0.517875577400468,
        "basic_score": 0.5714936628372964,
        "corr_score": 0.2736254815314765,
        "ml_score": 0.8353871779434339,
        "sup_score": 0.908871564690133,
        "pmse_score": 0.0
    }
}
