{
    "eval_type": "synthetic",
    "dataset": "data/adult/",
    "sim_score": {
        "score": 0.5368441236702768,
        "basic_score": 0.5684367096126606,
        "corr_score": 0.3578515356372235,
        "ml_score": 0.8019440311338641,
        "sup_score": 0.9559883419676362,
        "pmse_score": 1.5992964348035932e-134
    }
}
