{
    "eval_type": "synthetic",
    "dataset": "data/adult/",
    "metrics": {
        "train": {
            "0": {
                "precision": 0.9571428571428572,
                "recall": 1.0,
                "f1-score": 0.9781021897810218,
                "support": 67
            },
            "1": {
                "precision": 1.0,
                "recall": 0.9090909090909091,
                "f1-score": 0.9523809523809523,
                "support": 33
            },
            "accuracy": 0.97,
            "macro avg": {
                "precision": 0.9785714285714286,
                "recall": 0.9545454545454546,
                "f1-score": 0.9652415710809871,
                "support": 100
            },
            "weighted avg": {
                "precision": 0.9712857142857143,
                "recall": 0.97,
                "f1-score": 0.9696141814389989,
                "support": 100
            },
            "roc_auc": 0.9990954319312528,
            "score": 0.97
        },
        "val": {
            "0": {
                "precision": 0.782267490399065,
                "recall": 0.9474216380182002,
                "f1-score": 0.8569599414669837,
                "support": 4945
            },
            "1": {
                "precision": 0.5038167938931297,
                "recall": 0.1683673469387755,
                "f1-score": 0.25239005736137665,
                "support": 1568
            },
            "accuracy": 0.7598648856133886,
            "macro avg": {
                "precision": 0.6430421421460973,
                "recall": 0.5578944924784879,
                "f1-score": 0.5546749994141802,
                "support": 6513
            },
            "weighted avg": {
                "precision": 0.7152306882923083,
                "recall": 0.7598648856133886,
                "f1-score": 0.7114101827877894,
                "support": 6513
            },
            "roc_auc": 0.59819880935185,
            "score": 0.7598648856133886
        },
        "test": {
            "0": {
                "precision": 0.7823219876107373,
                "recall": 0.9445114595898673,
                "f1-score": 0.8558000582920431,
                "support": 12435
            },
            "1": {
                "precision": 0.4558359621451104,
                "recall": 0.1502860114404576,
                "f1-score": 0.22604614782948768,
                "support": 3846
            },
            "accuracy": 0.7568945396474418,
            "macro avg": {
                "precision": 0.6190789748779238,
                "recall": 0.5473987355151624,
                "f1-score": 0.5409231030607654,
                "support": 16281
            },
            "weighted avg": {
                "precision": 0.7051974096400474,
                "recall": 0.7568945396474418,
                "f1-score": 0.7070356372098622,
                "support": 16281
            },
            "roc_auc": 0.5867276034024875,
            "score": 0.7568945396474418
        }
    }
}
