{
    "eval_type": "synthetic",
    "dataset": "data/adult/",
    "sim_score": {
        "score": 0.49376781446322077,
        "basic_score": 0.5316564865445478,
        "corr_score": 0.3173253303467888,
        "ml_score": 0.7686714569173989,
        "sup_score": 0.8511857985073684,
        "pmse_score": 5.630372625584662e-137
    }
}
