{
    "eval_type": "synthetic",
    "dataset": "data/adult/",
    "sim_score": {
        "score": 0.5208942317502424,
        "basic_score": 0.5387480783334417,
        "corr_score": 0.3037758504565672,
        "ml_score": 0.836044638412641,
        "sup_score": 0.9259025915485619,
        "pmse_score": 1.134915785132496e-108
    }
}
