{
    "eval_type": "synthetic",
    "dataset": "data/adult/",
    "metrics": {
        "train": {
            "0": {
                "precision": 0.513462962962963,
                "recall": 1.0,
                "f1-score": 0.6785272920821761,
                "support": 27727
            },
            "1": {
                "precision": 0.0,
                "recall": 0.0,
                "f1-score": 0.0,
                "support": 26273
            },
            "accuracy": 0.513462962962963,
            "macro avg": {
                "precision": 0.2567314814814815,
                "recall": 0.5,
                "f1-score": 0.33926364604108805,
                "support": 54000
            },
            "weighted avg": {
                "precision": 0.2636442143347051,
                "recall": 0.513462962962963,
                "f1-score": 0.3483986338437499,
                "support": 54000
            },
            "roc_auc": 0.5008883196195888,
            "score": 0.513462962962963
        },
        "val": {
            "0": {
                "precision": 0.7592507293106096,
                "recall": 1.0,
                "f1-score": 0.863152382614767,
                "support": 4945
            },
            "1": {
                "precision": 0.0,
                "recall": 0.0,
                "f1-score": 0.0,
                "support": 1568
            },
            "accuracy": 0.7592507293106096,
            "macro avg": {
                "precision": 0.3796253646553048,
                "recall": 0.5,
                "f1-score": 0.4315761913073835,
                "support": 6513
            },
            "weighted avg": {
                "precision": 0.5764616699586925,
                "recall": 0.7592507293106096,
                "f1-score": 0.6553490760064522,
                "support": 6513
            },
            "roc_auc": 0.6572181109552011,
            "score": 0.7592507293106096
        },
        "test": {
            "0": {
                "precision": 0.7637737239727289,
                "recall": 1.0,
                "f1-score": 0.8660676974508984,
                "support": 12435
            },
            "1": {
                "precision": 0.0,
                "recall": 0.0,
                "f1-score": 0.0,
                "support": 3846
            },
            "accuracy": 0.7637737239727289,
            "macro avg": {
                "precision": 0.38188686198636446,
                "recall": 0.5,
                "f1-score": 0.4330338487254492,
                "support": 16281
            },
            "weighted avg": {
                "precision": 0.5833503014311704,
                "recall": 0.7637737239727289,
                "f1-score": 0.6614797504945593,
                "support": 16281
            },
            "roc_auc": 0.6627141635725743,
            "score": 0.7637737239727289
        }
    }
}
