{
    "num_timesteps": 0.32142857142857145,
    "num_samples": 0.17857142857142858,
    "d_first": 0.17857142857142858,
    "d_last": 0.10714285714285718,
    "n_layers": 0.10714285714285714,
    "lr": 0.10714285714285714,
    "steps": 0.0,
    "batch_size": 0.0
}
