{
    "n_layers": 0.5251758271521534,
    "batch_size": 0.24078281457433556,
    "num_timesteps": 0.07043200375921875,
    "d_first": 0.06272757526905327,
    "num_samples": 0.048527112629648005,
    "lr": 0.02662532595825643,
    "d_last": 0.023196860504483014,
    "steps": 0.002532480152851567
}
