{
    "n_layers": 0.4780767829478038,
    "batch_size": 0.20546065139125047,
    "num_samples": 0.12260939568717855,
    "num_timesteps": 0.08794434394357861,
    "d_first": 0.03807073224546699,
    "lr": 0.033027393228378166,
    "d_last": 0.030018024643310572,
    "steps": 0.004792675913032706
}
