{
    "eval_type": "synthetic",
    "dataset": "data/adult/",
    "metrics": {
        "train": {
            "0": {
                "precision": 0.6764039855072463,
                "recall": 1.0,
                "f1-score": 0.8069701472376064,
                "support": 74675
            },
            "1": {
                "precision": 0.0,
                "recall": 0.0,
                "f1-score": 0.0,
                "support": 35725
            },
            "accuracy": 0.6764039855072463,
            "macro avg": {
                "precision": 0.33820199275362317,
                "recall": 0.5,
                "f1-score": 0.4034850736188032,
                "support": 110400
            },
            "weighted avg": {
                "precision": 0.4575223516100872,
                "recall": 0.6764039855072463,
                "f1-score": 0.5458378237768864,
                "support": 110400
            },
            "roc_auc": 0.5404758979135854,
            "score": 0.6764039855072463
        },
        "val": {
            "0": {
                "precision": 0.7592507293106096,
                "recall": 1.0,
                "f1-score": 0.863152382614767,
                "support": 4945
            },
            "1": {
                "precision": 0.0,
                "recall": 0.0,
                "f1-score": 0.0,
                "support": 1568
            },
            "accuracy": 0.7592507293106096,
            "macro avg": {
                "precision": 0.3796253646553048,
                "recall": 0.5,
                "f1-score": 0.4315761913073835,
                "support": 6513
            },
            "weighted avg": {
                "precision": 0.5764616699586925,
                "recall": 0.7592507293106096,
                "f1-score": 0.6553490760064522,
                "support": 6513
            },
            "roc_auc": 0.6878030142795237,
            "score": 0.7592507293106096
        },
        "test": {
            "0": {
                "precision": 0.7637737239727289,
                "recall": 1.0,
                "f1-score": 0.8660676974508984,
                "support": 12435
            },
            "1": {
                "precision": 0.0,
                "recall": 0.0,
                "f1-score": 0.0,
                "support": 3846
            },
            "accuracy": 0.7637737239727289,
            "macro avg": {
                "precision": 0.38188686198636446,
                "recall": 0.5,
                "f1-score": 0.4330338487254492,
                "support": 16281
            },
            "weighted avg": {
                "precision": 0.5833503014311704,
                "recall": 0.7637737239727289,
                "f1-score": 0.6614797504945593,
                "support": 16281
            },
            "roc_auc": 0.6776991682803621,
            "score": 0.7637737239727289
        }
    }
}
