{
    "eval_type": "synthetic",
    "dataset": "data/adult/",
    "sim_score": {
        "score": 0.5322565066631879,
        "basic_score": 0.5701093668099649,
        "corr_score": 0.38463385667386996,
        "ml_score": 0.8121142242403664,
        "sup_score": 0.8944250855917384,
        "pmse_score": 5.801969622840596e-208
    },
    "table_evaluator": {
        "Overview Results": {
            "Basic statistics": {
                "result": 0.7614699027585269
            },
            "Correlation column correlations": {
                "result": 0.20367354955036895
            },
            "Mean Correlation between fake and real columns": {
                "result": 0.5927576389623963
            },
            "1 - MAPE Estimator results": {
                "result": 0.2303797753287733
            },
            "Similarity Score": {
                "result": 0.44707021665001634
            }
        },
        "Classifier F1-scores and their Jaccard similarities:": {
            "DecisionTreeClassifier_fake": {
                "f1_real": 0.516,
                "f1_fake": 0.623,
                "jaccard_similarity": 0.3324450366422385
            },
            "DecisionTreeClassifier_real": {
                "f1_real": 0.7885,
                "f1_fake": 0.64,
                "jaccard_similarity": 0.46788990825688076
            },
            "LogisticRegression_fake": {
                "f1_real": 0.2455,
                "f1_fake": 0.755,
                "jaccard_similarity": 0.00025006251562890725
            },
            "LogisticRegression_real": {
                "f1_real": 0.801,
                "f1_fake": 0.7705,
                "jaccard_similarity": 0.8107741059302852
            },
            "MLPClassifier_fake": {
                "f1_real": 0.279,
                "f1_fake": 0.754,
                "jaccard_similarity": 0.030927835051546393
            },
            "MLPClassifier_real": {
                "f1_real": 0.8015,
                "f1_fake": 0.7735,
                "jaccard_similarity": 0.8832391713747646
            },
            "RandomForestClassifier_fake": {
                "f1_real": 0.2925,
                "f1_fake": 0.74,
                "jaccard_similarity": 0.05680317040951123
            },
            "RandomForestClassifier_real": {
                "f1_real": 0.845,
                "f1_fake": 0.5235,
                "jaccard_similarity": 0.36008160489629376
            }
        },
        "Privacy Results": {
            "Duplicate rows between sets (real/fake)": {
                "result": [
                    2,
                    0
                ]
            },
            "nearest neighbor mean": {
                "result": 3.2066623085590176
            },
            "nearest neighbor std": {
                "result": 0.6510680762444564
            }
        },
        "Jensen-Shannon distance": {
            "age": {
                "js_distance": 0.5724442115056114
            },
            "fnlwgt": {
                "js_distance": 0.7502204412695659
            },
            "education-num": {
                "js_distance": 0.6862016869930768
            },
            "capital-gain": {
                "js_distance": 0.8085184398164522
            },
            "capital-loss": {
                "js_distance": 0.8001374359426754
            },
            "hours-per-week": {
                "js_distance": 0.44177248161882815
            }
        },
        "Kolmogorov-Smirnov statistic": {
            "age": {
                "statistic": 0.5042,
                "p-value": 0.0,
                "equality": "different"
            },
            "fnlwgt": {
                "statistic": 0.9204,
                "p-value": 0.0,
                "equality": "different"
            },
            "education-num": {
                "statistic": 0.4973,
                "p-value": 0.0,
                "equality": "different"
            },
            "capital-gain": {
                "statistic": 0.9737,
                "p-value": 0.0,
                "equality": "different"
            },
            "capital-loss": {
                "statistic": 0.9495,
                "p-value": 0.0,
                "equality": "different"
            },
            "hours-per-week": {
                "statistic": 0.4407,
                "p-value": 0.0,
                "equality": "different"
            }
        }
    }
}
