{
    "eval_type": "real",
    "dataset": "data/adult/",
    "metrics": {
        "score": 0.9500588216615192,
        "basic_score": 0.9909385066522757,
        "corr_score": 0.9410494107967484,
        "ml_score": 0.9971353141275249,
        "sup_score": 0.9767571847661412,
        "pmse_score": 0.8444136919649055
    }
}
