{
    "num_samples": 0.48522292286041663,
    "lr": 0.1603933241623438,
    "d_first": 0.09723303733958899,
    "n_layers": 0.0884407295348712,
    "num_timesteps": 0.07398237226939262,
    "steps": 0.038852484791796066,
    "batch_size": 0.02973712432975549,
    "d_last": 0.026138004711834976
}
