{
    "batch_size": 0.40486188637414644,
    "n_layers": 0.2923549216404793,
    "d_last": 0.13149876781265185,
    "lr": 0.08418808203713306,
    "num_timesteps": 0.05087817885218235,
    "d_first": 0.03361750127041913,
    "num_samples": 0.0026006620129878123,
    "steps": 0.0
}
