{
    "num_samples": 0.2727272727272727,
    "num_timesteps": 0.24242424242424243,
    "d_last": 0.21212121212121218,
    "d_first": 0.15151515151515152,
    "n_layers": 0.09090909090909091,
    "lr": 0.030303030303030304,
    "steps": 0.0,
    "batch_size": 0.0
}
